id,module_type,farmer_name,village,contact_number,activity_date,department,season,activity_type,description,remarks
13,On Farm Testing (OFT),dd,ff,8577224156,2026-03-19,Agronomy,Rabi,Assessment,N/A,N/A
12,On Farm Testing (OFT),d,d,8755441425,2026-03-19,Agricultural Extension,N/A,N/A,f,ff
11,Front Line Demonstrations (FLD),d,f,8788225453,2026-03-19,Agronomy,N/A,N/A,dd,ff
9,On Farm Testing (OFT),rA,DDS,8588114536,2026-03-19,Horticulture,N/A,N/A,DD,DD
8,On Farm Testing (OFT),raj,dhoki,8788117173,2026-03-19,Agronomy,N/A,Refinement,dd,dd
7,Front Line Demonstrations (FLD),s,dd,8711551266,2026-03-19,Agricultural Extension,N/A,N/A,fff,dd
6,Front Line Demonstrations (FLD),Raj,Dhoki,8788244643,2026-03-19,Horticulture,Kharif,N/A,5	5,ss
10,Visitor Farmers,Raj,dho,8788225525,2026-03-18,Agricultural Extension,Kharif,Consultation,uu,dsd
3,Visitor Farmers,Raj,dho,8788225525,2026-03-18,Agricultural Extension,Kharif,ju,uu,dsd
